{"contacts":[{"first_name": "Lee", "last_name": "Adama", "phone_number": "616-555-4280", "email_address": "apollo@bsg.org", "notes": "Commander's son"},
{"first_name": "Karl", "last_name": "Agathon", "phone_number": "616-555-1121", "email_address": "helo@bsg.org", "notes": "Cylon lover"},
{"first_name": "Galen", "last_name": "Tyrol", "phone_number": "769-555-8281", "email_address": "chief@bsg.org", "notes": "Secret Cylon"},
{"first_name": "Number", "last_name": "Six", "phone_number": "635-555-9900", "email_address": "six@cylons.org", "notes": "Blatant Cylon"},
{"first_name": "Gaius", "last_name": "Baltar", "phone_number": "864-555-7591", "email_address": "gaius@bsg.org", "notes": "Coward"},
{"first_name": "William", "last_name": "Adama", "phone_number": "414-555-9812", "email_address": "husker@bsg.org", "notes": "Certified bad ass"},
{"first_name": "Kara", "last_name": "Thrace", "phone_number": "221-555-9017", "email_address": "starbuck@bsg.org", "notes": "Viper pilot extraordinaire"},
{"first_name": "Laura", "last_name": "Roslin", "phone_number": "775-555-0891", "email_address": "prez@colonialone.org", "notes": "Secretary of Education turned leader"},
{"first_name": "Saul", "last_name": "Tigh", "phone_number": "666-555-1111", "email_address": "xo@bsg.org", "notes": "Sort of a futuristic pirate"}]}